Genre,URL
Fantasy,https://www.goodreads.com/book/show/186074.The_Name_of_the_Wind
Fantasy,https://www.goodreads.com/book/show/29588376-the-lies-of-locke-lamora
Fantasy,https://www.goodreads.com/book/show/68428.Mistborn
Fantasy,https://www.goodreads.com/book/show/41886271-the-sword-of-kaigen
Fantasy,https://www.goodreads.com/book/show/41952489-the-rage-of-dragons
Fantasy,https://www.goodreads.com/book/show/34392663-a-time-of-dread
Fantasy,https://www.goodreads.com/book/show/18952341-the-grace-of-kings
Fantasy,https://www.goodreads.com/book/show/30165203-american-gods
Fantasy,https://www.goodreads.com/book/show/944073.The_Blade_Itself
Fantasy,https://www.goodreads.com/book/show/228665.The_Eye_of_the_World
Fantasy,https://www.goodreads.com/book/show/68494.Perdido_Street_Station
Fantasy,https://www.goodreads.com/book/show/68429.The_Well_of_Ascension
Fantasy,https://www.goodreads.com/book/show/54659771-neon-gods
Fantasy,https://www.goodreads.com/book/show/54801674-savage-lands
Fantasy,https://www.goodreads.com/book/show/61431922-fourth-wing
Fantasy,https://www.goodreads.com/book/show/45868801-maya-and-the-rising-dark
Fantasy,https://www.goodreads.com/book/show/53240817-amari-and-the-night-brothers
Fantasy,https://www.goodreads.com/book/show/17163514-the-rose-and-the-thorn
Fantasy,https://www.goodreads.com/book/show/60177373-fairy-tale
Fantasy,https://www.goodreads.com/book/show/40701780-the-wisdom-of-crowds
Fantasy,https://www.goodreads.com/book/show/60596112-keeper-of-enchanted-rooms
Fantasy,https://www.goodreads.com/book/show/29758013-the-ninth-rain
Fantasy,https://www.goodreads.com/book/show/35606041-a-little-hatred
Fantasy,https://www.goodreads.com/book/show/41716919-jade-war
Fantasy,https://www.goodreads.com/book/show/43587154-jade-city
Fantasy,https://www.goodreads.com/book/show/45110.Shaman_s_Crossing
Fantasy,https://www.goodreads.com/book/show/35068705-the-poppy-war
Fantasy,https://www.goodreads.com/book/show/37173847-foundryside
Fantasy,https://www.goodreads.com/book/show/37834723-shadow-and-bone
Fantasy,https://www.goodreads.com/book/show/26863057-age-of-myth
Fantasy,https://www.goodreads.com/book/show/3983037-how-to-see-fairies
Fantasy,https://www.goodreads.com/book/show/15750692-malice
Fantasy,https://www.goodreads.com/book/show/11774272-the-killing-moon
Fantasy,https://www.goodreads.com/book/show/944076.Last_Argument_of_Kings
Fantasy,https://www.goodreads.com/book/show/9317452-rivers-of-london
Fantasy,https://www.goodreads.com/book/show/55399.Gardens_of_the_Moon
Fantasy,https://www.goodreads.com/book/show/16244663-the-willful-princess-and-the-piebald-prince
Fantasy,https://www.goodreads.com/book/show/2315892.Best_Served_Cold
Fantasy,https://www.goodreads.com/book/show/902715.Before_They_Are_Hanged
Fantasy,https://www.goodreads.com/book/show/15721980-the-lands-of-ice-and-fire
Fantasy,https://www.goodreads.com/book/show/176827.Brightly_Burning
Fantasy,https://www.goodreads.com/book/show/1267130.The_Sword_of_the_Land
Fantasy,https://www.goodreads.com/book/show/6437061-the-hundred-thousand-kingdoms
Fantasy,https://www.goodreads.com/book/show/7841656-songs-of-love-and-death
Fantasy,https://www.goodreads.com/book/show/22381326-half-a-war
Fantasy,https://www.goodreads.com/book/show/17910048-the-goblin-emperor
Fantasy,https://www.goodreads.com/book/show/60211.The_Shadow_of_the_Torturer
Fantasy,https://www.goodreads.com/book/show/22878967-the-shadow-of-what-was-lost
Fantasy,https://www.goodreads.com/book/show/30095464-the-bone-witch
Fantasy,https://www.goodreads.com/book/show/12891107-king-of-thorns
Fantasy,https://www.goodreads.com/book/show/19161852-the-fifth-season
Fantasy,https://www.goodreads.com/book/show/68428.Mistborn
Fantasy,https://www.goodreads.com/book/show/57789637-daughter-of-the-moon-goddess
Fantasy,https://www.goodreads.com/book/show/7235533-the-way-of-kings
Fantasy,https://www.goodreads.com/book/show/186074.The_Name_of_the_Wind
Fantasy,https://www.goodreads.com/book/show/60657589-emily-wilde-s-encyclopaedia-of-faeries
Fantasy,https://www.goodreads.com/book/show/58416952-the-will-of-the-many
Fantasy,https://www.goodreads.com/book/show/22544764-uprooted
Fantasy,https://www.goodreads.com/book/show/56980403-vespertine
Fantasy,https://www.goodreads.com/book/show/57945316-babel
Fantasy,https://www.goodreads.com/book/show/49826643-daughter-of-no-worlds
Fantasy,https://www.goodreads.com/book/show/41886271-the-sword-of-kaigen
Fantasy,https://www.goodreads.com/book/show/35068705-the-poppy-war
Fantasy,https://www.goodreads.com/book/show/29588376-the-lies-of-locke-lamora
Fantasy,https://www.goodreads.com/book/show/42844155-harry-potter-and-the-sorcerer-s-stone
Fantasy,https://www.goodreads.com/book/show/52831200-from-blood-and-ash
Fantasy,https://www.goodreads.com/book/show/30558257-unsouled
Fantasy,https://www.goodreads.com/book/show/50659467-a-court-of-thorns-and-roses
Fantasy,https://www.goodreads.com/book/show/153008.Kushiel_s_Dart
Fantasy,https://www.goodreads.com/book/show/13812.Magician
Fantasy,https://www.goodreads.com/book/show/123675190-the-lightning-thief
Fantasy,https://www.goodreads.com/book/show/7165300-the-black-prism
Fantasy,https://www.goodreads.com/book/show/20887238-traitor-s-blade
Fantasy,https://www.goodreads.com/book/show/3236307-graceling
Fantasy,https://www.goodreads.com/book/show/60510.Poison_Study
Fantasy,https://www.goodreads.com/book/show/75513900-powerless
Fantasy,https://www.goodreads.com/book/show/60310757-lightlark
Fantasy,https://www.goodreads.com/book/show/208430658-blood-over-bright-haven
Fantasy,https://www.goodreads.com/book/show/68494.Perdido_Street_Station
Fantasy,https://www.goodreads.com/book/show/60521937-a-dowry-of-blood
Fantasy,https://www.goodreads.com/book/show/42036538-gideon-the-ninth
Fantasy,https://www.goodreads.com/book/show/156480764-the-book-of-doors
Fantasy,https://www.goodreads.com/book/show/65213595-starling-house
Fantasy,https://www.goodreads.com/book/show/58724745-the-book-eaters
Fantasy,https://www.goodreads.com/book/show/60766189-a-day-of-fallen-night
Fantasy,https://www.goodreads.com/book/show/40275288-the-priory-of-the-orange-tree
Fantasy,https://www.goodreads.com/book/show/150247395-the-tainted-cup
Fantasy,https://www.goodreads.com/book/show/60531406-tress-of-the-emerald-sea
Fantasy,https://www.goodreads.com/book/show/55868456-the-spear-cuts-through-water
Fantasy,https://www.goodreads.com/book/show/57390604-as-long-as-the-lemon-trees-grow
Fantasy,https://www.goodreads.com/book/show/1215032.The_Wise_Man_s_Fear
Fantasy,https://www.goodreads.com/book/show/40874032-vicious
Fantasy,https://www.goodreads.com/book/show/58132544-a-river-enchanted
Fantasy,https://www.goodreads.com/book/show/73071451-throne-of-the-fallen
Fantasy,https://www.goodreads.com/book/show/195775182-a-dawn-of-onyx
Fantasy,https://www.goodreads.com/book/show/59339681-what-lies-beyond-the-veil
Fantasy,https://www.goodreads.com/book/show/75396525-the-coven
Fantasy,https://www.goodreads.com/book/show/56552953-beasts-of-prey
Fantasy,https://www.goodreads.com/book/show/48727813-she-who-became-the-sun
Fantasy,https://www.goodreads.com/book/show/195391688-the-bone-season
Fantasy,https://www.goodreads.com/book/show/42844155-harry-potter-and-the-sorcerer-s-stone
Fantasy,https://www.goodreads.com/book/show/58613224-harry-potter-and-the-deathly-hallows
Fantasy,https://www.goodreads.com/book/show/36307634-king-of-scars
Fantasy,https://www.goodreads.com/book/show/58613345-harry-potter-and-the-half-blood-prince
Fantasy,https://www.goodreads.com/book/show/15881.Harry_Potter_and_the_Chamber_of_Secrets
Fantasy,https://www.goodreads.com/book/show/58613424-harry-potter-and-the-goblet-of-fire
Fantasy,https://www.goodreads.com/book/show/58613451-harry-potter-and-the-order-of-the-phoenix
Fantasy,https://www.goodreads.com/book/show/50659467-a-court-of-thorns-and-roses
Fantasy,https://www.goodreads.com/book/show/27883214-caraval
Fantasy,https://www.goodreads.com/book/show/256683.City_of_Bones
Fantasy,https://www.goodreads.com/book/show/55987278-once-upon-a-broken-heart
Fantasy,https://www.goodreads.com/book/show/60784546-divine-rivals
Fantasy,https://www.goodreads.com/book/show/61431922-fourth-wing
Fantasy,https://www.goodreads.com/book/show/40024139-serpent-dove
Fantasy,https://www.goodreads.com/book/show/18798983-the-wrath-and-the-dawn
Fantasy,https://www.goodreads.com/book/show/22328546-red-queen
Fantasy,https://www.goodreads.com/book/show/5.Harry_Potter_and_the_Prisoner_of_Azkaban
Fantasy,https://www.goodreads.com/book/show/53138095-a-court-of-silver-flames
Fantasy,https://www.goodreads.com/book/show/50659468-a-court-of-mist-and-fury
Fantasy,https://www.goodreads.com/book/show/76703559-throne-of-glass
Fantasy,https://www.goodreads.com/book/show/123675190-the-lightning-thief
Fantasy,https://www.goodreads.com/book/show/35068705-the-poppy-war
Fantasy,https://www.goodreads.com/book/show/36329818-legendary
Fantasy,https://www.goodreads.com/book/show/26032912-the-queen-of-nothing
Fantasy,https://www.goodreads.com/book/show/26032825-the-cruel-prince
Fantasy,https://www.goodreads.com/book/show/8130423-the-battle-of-the-labyrinth
Fantasy,https://www.goodreads.com/book/show/119322.The_Golden_Compass
Fantasy,https://www.goodreads.com/book/show/17331518-fracture-me
Fantasy,https://www.goodreads.com/book/show/13623150-destroy-me
Fantasy,https://www.goodreads.com/book/show/28421168-renegades
Fantasy,https://www.goodreads.com/book/show/29939230-a-conjuring-of-light
Fantasy,https://www.goodreads.com/book/show/22055262-a-darker-shade-of-magic
Fantasy,https://www.goodreads.com/book/show/42952728-a-heart-so-fierce-and-broken
Fantasy,https://www.goodreads.com/book/show/36307674-rule-of-wolves
Fantasy,https://www.goodreads.com/book/show/59406549-a-tempest-of-tea
Fantasy,https://www.goodreads.com/book/show/127280062-ruthless-vows
Fantasy,https://www.goodreads.com/book/show/68428.Mistborn
Fantasy,https://www.goodreads.com/book/show/50892338-legendborn
Fantasy,https://www.goodreads.com/book/show/53457092-six-crimson-cranes
Fantasy,https://www.goodreads.com/book/show/61198133-the-stolen-heir
Fantasy,https://www.goodreads.com/book/show/53439886-how-the-king-of-elfhame-learned-to-hate-stories
Fantasy,https://www.goodreads.com/book/show/14061957-ruin-and-rising
Fantasy,https://www.goodreads.com/book/show/52459864-iron-widow
Fantasy,https://www.goodreads.com/book/show/26032887-the-wicked-king
Fantasy,https://www.goodreads.com/book/show/17699855-chain-of-iron
Fantasy,https://www.goodreads.com/book/show/4556058-the-last-olympian
Fantasy,https://www.goodreads.com/book/show/561456.The_Titan_s_Curse
Fantasy,https://www.goodreads.com/book/show/40727118-the-sea-of-monsters
Fantasy,https://www.goodreads.com/book/show/5907.The_Hobbit_or_There_and_Back_Again
Fantasy,https://www.goodreads.com/book/show/52735921-kingdom-of-the-wicked
Fantasy,https://www.goodreads.com/book/show/19543.Where_the_Wild_Things_Are
Fantasy,https://www.goodreads.com/book/show/16101018-the-day-the-crayons-quit
Fantasy,https://www.goodreads.com/book/show/20821299-the-book-with-no-pictures
Fantasy,https://www.goodreads.com/book/show/13337050-dragons-love-tacos
Fantasy,https://www.goodreads.com/book/show/7747422-it-s-a-book
Fantasy,https://www.goodreads.com/book/show/18295821-the-adventures-of-beekle
Fantasy,https://www.goodreads.com/book/show/474858.A_Bad_Case_of_Stripes
Fantasy,https://www.goodreads.com/book/show/766955.Click_Clack_Moo
Fantasy,https://www.goodreads.com/book/show/98573.Harold_and_the_Purple_Crayon
Fantasy,https://www.goodreads.com/book/show/42844155-harry-potter-and-the-sorcerer-s-stone
Fantasy,https://www.goodreads.com/book/show/767680.If_You_Give_a_Mouse_a_Cookie
Fantasy,https://www.goodreads.com/book/show/18419.The_Kissing_Hand
Fantasy,https://www.goodreads.com/book/show/8073.Cloudy_with_a_Chance_of_Meatballs
Fantasy,https://www.goodreads.com/book/show/24178.Charlotte_s_Web
Fantasy,https://www.goodreads.com/book/show/23310161-the-day-the-crayons-came-home
Fantasy,https://www.goodreads.com/book/show/370493.The_Giving_Tree
Fantasy,https://www.goodreads.com/book/show/9466024-pete-the-cat
Fantasy,https://www.goodreads.com/book/show/6310.Charlie_and_the_Chocolate_Factory
Fantasy,https://www.goodreads.com/book/show/132080146-the-lion-the-witch-and-the-wardrobe
Fantasy,https://www.goodreads.com/book/show/150683.Amos_Boris
Fantasy,https://www.goodreads.com/book/show/96128.Duck_for_President
Fantasy,https://www.goodreads.com/book/show/11556479-duckling-gets-a-cookie-the-pigeon-series
Fantasy,https://www.goodreads.com/book/show/231850.Corduroy
Fantasy,https://www.goodreads.com/book/show/236093.The_Wonderful_Wizard_of_Oz
Fantasy,https://www.goodreads.com/book/show/7699554-the-wonky-donkey
Fantasy,https://www.goodreads.com/book/show/716944.Owl_Babies
Fantasy,https://www.goodreads.com/book/show/13531024-this-is-not-my-hat
Fantasy,https://www.goodreads.com/book/show/12875557-pete-the-cat-and-his-four-groovy-buttons
Fantasy,https://www.goodreads.com/book/show/786256.Stellaluna
Fantasy,https://www.goodreads.com/book/show/420282.The_Polar_Express
Fantasy,https://www.goodreads.com/book/show/39988.Matilda
Fantasy,https://www.goodreads.com/book/show/25745002-mother-bruce
Fantasy,https://www.goodreads.com/book/show/2435377.Help_Me_Mr_Mutt_
Fantasy,https://www.goodreads.com/book/show/13259987-creepy-carrots
Fantasy,https://www.goodreads.com/book/show/766020.The_Rainbow_Fish
Fantasy,https://www.goodreads.com/book/show/407429.The_Stinky_Cheese_Man_and_Other_Fairly_Stupid_Tales
Fantasy,https://www.goodreads.com/book/show/123675190-the-lightning-thief
Fantasy,https://www.goodreads.com/book/show/177246.Room_on_the_Broom
Fantasy,https://www.goodreads.com/book/show/6871646-pete-the-cat
Fantasy,https://www.goodreads.com/book/show/12466937-goodnight-dragons
Fantasy,https://www.goodreads.com/book/show/39991777-the-bad-seed
Fantasy,https://www.goodreads.com/book/show/40597262-how-to-catch-a-unicorn
Fantasy,https://www.goodreads.com/book/show/826585.If_You_Give_a_Pig_a_Pancake
Fantasy,https://www.goodreads.com/book/show/832020.I_Took_the_Moon_for_a_Walk
Fantasy,https://www.goodreads.com/book/show/526077.Hey_Al
Fantasy,https://www.goodreads.com/book/show/278435.The_Funny_Little_Woman
Fantasy,https://www.goodreads.com/book/show/28194.Inkheart
Fantasy,https://www.goodreads.com/book/show/191139.Oh_the_Places_You_ll_Go_
Fantasy,https://www.goodreads.com/book/show/40940121-bridge-to-terabithia
Fantasy,https://www.goodreads.com/book/show/1223119.Elmer
Fantasy,https://www.goodreads.com/book/show/8073.Cloudy_with_a_Chance_of_Meatballs
Fantasy,https://www.goodreads.com/book/show/55401.Deadhouse_Gates
Fantasy,https://www.goodreads.com/book/show/35068705-the-poppy-war
Fantasy,https://www.goodreads.com/book/show/17910124-the-emperor-s-blades
Fantasy,https://www.goodreads.com/book/show/17332218-words-of-radiance
Fantasy,https://www.goodreads.com/book/show/7235533-the-way-of-kings
Fantasy,https://www.goodreads.com/book/show/68427.Elantris
Fantasy,https://www.goodreads.com/book/show/186074.The_Name_of_the_Wind
Fantasy,https://www.goodreads.com/book/show/386372.Mort
Fantasy,https://www.goodreads.com/book/show/30169100-the-burning-white
Fantasy,https://www.goodreads.com/book/show/18295821-the-adventures-of-beekle
Fantasy,https://www.goodreads.com/book/show/19543.Where_the_Wild_Things_Are
Fantasy,https://www.goodreads.com/book/show/7743175-a-memory-of-light
Fantasy,https://www.goodreads.com/book/show/4703427-dust-of-dreams
Fantasy,https://www.goodreads.com/book/show/459064.Reaper_s_Gale
Fantasy,https://www.goodreads.com/book/show/938544.Toll_the_Hounds
Fantasy,https://www.goodreads.com/book/show/478951.The_Bonehunters
Fantasy,https://www.goodreads.com/book/show/345299.Midnight_Tides
Fantasy,https://www.goodreads.com/book/show/13496.A_Game_of_Thrones
Fantasy,https://www.goodreads.com/book/show/55398.House_of_Chains
Fantasy,https://www.goodreads.com/book/show/175983.Memories_of_Ice
Fantasy,https://www.goodreads.com/book/show/113436.Eragon
Fantasy,https://www.goodreads.com/book/show/29588376-the-lies-of-locke-lamora
Fantasy,https://www.goodreads.com/book/show/57945316-babel
Fantasy,https://www.goodreads.com/book/show/34511.Monstrous_Regiment
Fantasy,https://www.goodreads.com/book/show/33094103-arabesque
Fantasy,https://www.goodreads.com/book/show/208430658-blood-over-bright-haven
Fantasy,https://www.goodreads.com/book/show/56750401-of-blood-and-fire
Fantasy,https://www.goodreads.com/book/show/29758013-the-ninth-rain
Fantasy,https://www.goodreads.com/book/show/90202302-iron-flame
Fantasy,https://www.goodreads.com/book/show/61431922-fourth-wing
Fantasy,https://www.goodreads.com/book/show/62816044-a-curse-for-true-love
Fantasy,https://www.goodreads.com/book/show/59808071-the-ballad-of-never-after
Fantasy,https://www.goodreads.com/book/show/58517502-believe-me
Fantasy,https://www.goodreads.com/book/show/55987278-once-upon-a-broken-heart
Fantasy,https://www.goodreads.com/book/show/45343240-one-true-king
Fantasy,https://www.goodreads.com/book/show/43521352-find-me
Fantasy,https://www.goodreads.com/book/show/40381392-finale
Fantasy,https://www.goodreads.com/book/show/36203664-a-crystal-of-time
Fantasy,https://www.goodreads.com/book/show/44054122-imagine-me
Fantasy,https://www.goodreads.com/book/show/34992959-defy-me
Fantasy,https://www.goodreads.com/book/show/34992929-restore-me
Fantasy,https://www.goodreads.com/book/show/50659471-a-court-of-frost-and-starlight
Fantasy,https://www.goodreads.com/book/show/36329818-legendary
Fantasy,https://www.goodreads.com/book/show/34201983-quests-for-glory
Fantasy,https://www.goodreads.com/book/show/53138095-a-court-of-silver-flames
Fantasy,https://www.goodreads.com/book/show/44778083-house-of-earth-and-blood
Fantasy,https://www.goodreads.com/book/show/26032912-the-queen-of-nothing
Fantasy,https://www.goodreads.com/book/show/26032887-the-wicked-king
Fantasy,https://www.goodreads.com/book/show/26032825-the-cruel-prince
Fantasy,https://www.goodreads.com/book/show/9460487-miss-peregrine-s-home-for-peculiar-children
Fantasy,https://www.goodreads.com/book/show/17675462-the-raven-boys
Fantasy,https://www.goodreads.com/book/show/5907.The_Hobbit_or_There_and_Back_Again
Fantasy,https://www.goodreads.com/book/show/37834723-shadow-and-bone
Fantasy,https://www.goodreads.com/book/show/23437156-six-of-crows
Fantasy,https://www.goodreads.com/book/show/4628647-any-which-wall
Fantasy,https://www.goodreads.com/book/show/7090447-the-red-pyramid
Poésie,https://www.goodreads.com/book/show/30119.Where_the_Sidewalk_Ends
Poésie,https://www.goodreads.com/book/show/978917.Dien_Cai_Dau
Poésie,https://www.goodreads.com/book/show/29451657-the-luzumiyat-of-abu-l-ala
Poésie,https://www.goodreads.com/book/show/19680545-the-diwan-of-abu-l-ala
Poésie,https://www.goodreads.com/book/show/18072123-se-ilmi-iirler-duino-a-tlar
Poésie,https://www.goodreads.com/book/show/3921856-r-bab--ikeste
Poésie,https://www.goodreads.com/book/show/220805.Poems_of_Naz_m_Hikmet
Poésie,https://www.goodreads.com/book/show/9552269-dol-karabak-r-dol---b-t-n-iirleri
Poésie,https://www.goodreads.com/book/show/53415494-ortado-u-iirleri
Poésie,https://www.goodreads.com/book/show/41463312-bertolt-brecht
Poésie,https://www.goodreads.com/book/show/25971789-babalar-ve-o-ullar
Poésie,https://www.goodreads.com/book/show/13423864-three-poems
Poésie,https://www.goodreads.com/book/show/24455653-sava-t-rk-leri
Poésie,https://www.goodreads.com/book/show/93442292-gezginin-g-nl
Poésie,https://www.goodreads.com/book/show/25996213-profil
Poésie,https://www.goodreads.com/book/show/63116.A_Little_Larger_Than_the_Entire_Universe
Poésie,https://www.goodreads.com/book/show/26003884-yava-matematik
Poésie,https://www.goodreads.com/book/show/14675802-han-er
Poésie,https://www.goodreads.com/book/show/60434604-yaln-zl-k-tan-mlar
Poésie,https://www.goodreads.com/book/show/390966.The_Knight_in_the_Panther_s_Skin
Poésie,https://www.goodreads.com/book/show/18250389-sovyet-airleri-antolojisi
Poésie,https://www.goodreads.com/book/show/17127613-in-hora-mortis
Poésie,https://www.goodreads.com/book/show/20613619-syllabus
Poésie,https://www.goodreads.com/book/show/195769.The_Way_Things_Are
Poésie,https://www.goodreads.com/book/show/9639765-life-on-mars
Poésie,https://www.goodreads.com/book/show/16082444-ac-y-bal-eyledik
Poésie,https://www.goodreads.com/book/show/61875729-loss
Poésie,https://www.goodreads.com/book/show/17694738-blindenschrift
Poésie,https://www.goodreads.com/book/show/929598.La_rosa_profunda
Poésie,https://www.goodreads.com/book/show/13607570-dostlar-beni-hat-rlas-n
Poésie,https://www.goodreads.com/book/show/28867945-k-l-art
Poésie,https://www.goodreads.com/book/show/61269616-colours-poetry
Poésie,https://www.goodreads.com/book/show/18632387-ate-karalamalar
Poésie,https://www.goodreads.com/book/show/304079.The_Essential_Rumi
Poésie,https://www.goodreads.com/book/show/10090150-erotica-romana
Poésie,https://www.goodreads.com/book/show/36045058-b-t-n-iirleri
Poésie,https://www.goodreads.com/book/show/13294181-g-kyoku
Poésie,https://www.goodreads.com/book/show/12707874-iirler
Poésie,https://www.goodreads.com/book/show/13447049-se-me-iirler
Poésie,https://www.goodreads.com/book/show/72910.The_Gift
Poésie,https://www.goodreads.com/book/show/59679105-gecede-kanat-sesleri
Poésie,https://www.goodreads.com/book/show/2855004-periler-l-rken-z-r-diler
Poésie,https://www.goodreads.com/book/show/9397167-i-brahim-in-beni-terketmesi
Poésie,https://www.goodreads.com/book/show/17903614-mustafa-suphi-destan
Poésie,https://www.goodreads.com/book/show/27870656-unuttum-d-nya
Poésie,https://www.goodreads.com/book/show/264158.The_Raven
Poésie,https://www.goodreads.com/book/show/11960070-seke-seke
Poésie,https://www.goodreads.com/book/show/11416658-kesik-esin-tiler
Poésie,https://www.goodreads.com/book/show/25191751-nce-kad-nlar
Poésie,https://www.goodreads.com/book/show/3078743-g-le-g-le-seslerin-sessizli-i
Poésie,https://www.goodreads.com/book/show/30118.A_Light_in_the_Attic
Poésie,https://www.goodreads.com/book/show/30119.Where_the_Sidewalk_Ends
Poésie,https://www.goodreads.com/book/show/27494.Leaves_of_Grass
Poésie,https://www.goodreads.com/book/show/5206073-sir-gawain-and-the-green-knight
Poésie,https://www.goodreads.com/book/show/15645.Inferno
Poésie,https://www.goodreads.com/book/show/6656.The_Divine_Comedy
Poésie,https://www.goodreads.com/book/show/956957.James_Joyce
Poésie,https://www.goodreads.com/book/show/56898956-winter-roses-after-fall
Poésie,https://www.goodreads.com/book/show/43453732-when-you-ask-me-where-i-m-going
Poésie,https://www.goodreads.com/book/show/36297088-the-mermaid-s-voice-returns-in-this-one
Poésie,https://www.goodreads.com/book/show/33947326-not-my-white-savior
Poésie,https://www.goodreads.com/book/show/33208115-love-her-wild
Poésie,https://www.goodreads.com/book/show/36236129-magdalene
Poésie,https://www.goodreads.com/book/show/2078076.The_Collected_Poems
Poésie,https://www.goodreads.com/book/show/129390972-1-800-hot-ribs-carnegie-mellon-classic-contemporary-series
Poésie,https://www.goodreads.com/book/show/29993412-incendiary-art
Poésie,https://www.goodreads.com/book/show/1674116.The_Broken_Word
Poésie,https://www.goodreads.com/book/show/572207.Antipoems
Poésie,https://www.goodreads.com/book/show/7930233-children-s-bells
Poésie,https://www.goodreads.com/book/show/22151696-lullabies-volume-2
Poésie,https://www.goodreads.com/book/show/46199.Letters_to_a_Young_Poet
Poésie,https://www.goodreads.com/book/show/96259.Crush
Poésie,https://www.goodreads.com/book/show/60409981-and-yet
Poésie,https://www.goodreads.com/book/show/60114113-might-kindred
Poésie,https://www.goodreads.com/book/show/60147181-the-world-keeps-ending-and-the-world-goes-on
Poésie,https://www.goodreads.com/book/show/12185667-poems-i-wrote-when-no-one-was-looking
Poésie,https://www.goodreads.com/book/show/291605.Shout_
Poésie,https://www.goodreads.com/book/show/133906.The_Collected_Poems
Poésie,https://www.goodreads.com/book/show/12204.The_Road_Not_Taken_and_Other_Poems
Poésie,https://www.goodreads.com/book/show/138139.Letters_of_John_Keats
Poésie,https://www.goodreads.com/book/show/907454.Speak_to_Me
Poésie,https://www.goodreads.com/book/show/199910.Honey_I_Love_and_Other_Love_Poems
Poésie,https://www.goodreads.com/book/show/34220790-poetry-for-kids
Poésie,https://www.goodreads.com/book/show/12780791-the-waldorf-book-of-poetry
Poésie,https://www.goodreads.com/book/show/2643857-a-child-s-book-of-poems
Poésie,https://www.goodreads.com/book/show/65347.In_the_Land_of_Words
Poésie,https://www.goodreads.com/book/show/2027823.Tyrannosaurus_Was_a_Beast
Poésie,https://www.goodreads.com/book/show/41888.A_Giraffe_and_a_Half
Poésie,https://www.goodreads.com/book/show/39651067-dreamers
Poésie,https://www.goodreads.com/book/show/6386140-the-complete-poetry-and-selected-prose
Poésie,https://www.goodreads.com/book/show/412070.Selected_Poems
Poésie,https://www.goodreads.com/book/show/53492.Heartbeat
Poésie,https://www.goodreads.com/book/show/747252.This_Is_Just_to_Say
Poésie,https://www.goodreads.com/book/show/42481.City_Poems
Poésie,https://www.goodreads.com/book/show/30120.Falling_Up
Poésie,https://www.goodreads.com/book/show/29691887-a-fairy-different-life
Poésie,https://www.goodreads.com/book/show/1544662.Pigs_Aplenty_Pigs_Galore_
Poésie,https://www.goodreads.com/book/show/401679.Llama_Llama_Red_Pajama
Poésie,https://www.goodreads.com/book/show/191139.Oh_the_Places_You_ll_Go_
Poésie,https://www.goodreads.com/book/show/113946.How_the_Grinch_Stole_Christmas_
Poésie,https://www.goodreads.com/book/show/23513349-milk-and-honey
Poésie,https://www.goodreads.com/book/show/35606560-the-sun-and-her-flowers
Poésie,https://www.goodreads.com/book/show/49656780-home-body
Poésie,https://www.goodreads.com/book/show/24945396-bright-dead-things
Poésie,https://www.goodreads.com/book/show/58582927-time-is-a-mother
Poésie,https://www.goodreads.com/book/show/34594982-depression-other-magic-tricks
Poésie,https://www.goodreads.com/book/show/96259.Crush
Poésie,https://www.goodreads.com/book/show/23841432-night-sky-with-exit-wounds
Poésie,https://www.goodreads.com/book/show/32468495-pillow-thoughts
Poésie,https://www.goodreads.com/book/show/395090.Ariel
Poésie,https://www.goodreads.com/book/show/29431081-the-universe-of-us-volume-4
Poésie,https://www.goodreads.com/book/show/53498.Love_That_Dog
Poésie,https://www.goodreads.com/book/show/9639765-life-on-mars
Poésie,https://www.goodreads.com/book/show/49247951-sweetdark
Poésie,https://www.goodreads.com/book/show/42785088-mending-the-mind
Poésie,https://www.goodreads.com/book/show/225750.Selected_Poems
Poésie,https://www.goodreads.com/book/show/43554866-violet-bent-backwards-over-the-grass
Poésie,https://www.goodreads.com/book/show/35288488-soft-thorns
Poésie,https://www.goodreads.com/book/show/52641647-swimming-lessons
Poésie,https://www.goodreads.com/book/show/40680983-every-word-you-cannot-say
Poésie,https://www.goodreads.com/book/show/39326113-when-he-leaves-you
Poésie,https://www.goodreads.com/book/show/43124132-life-of-the-party
Poésie,https://www.goodreads.com/book/show/33208115-love-her-wild
Poésie,https://www.goodreads.com/book/show/39656141-lord-of-the-butterflies
Poésie,https://www.goodreads.com/book/show/41057388-the-strength-in-our-scars
Poésie,https://www.goodreads.com/book/show/35431074-black-book-of-poems
Poésie,https://www.goodreads.com/book/show/38926444-the-dark-between-stars
Poésie,https://www.goodreads.com/book/show/30312512-born-to-love-cursed-to-feel
Poésie,https://www.goodreads.com/book/show/43824575-dear-midnight
Poésie,https://www.goodreads.com/book/show/41069851-beautiful-mistakes
Poésie,https://www.goodreads.com/book/show/40082864-i-am-more-than-my-nightmares
Poésie,https://www.goodreads.com/book/show/38507175-healing-the-heart
Poésie,https://www.goodreads.com/book/show/35784849-for-the-broken
Poésie,https://www.goodreads.com/book/show/35521162-in-the-absence-of-the-sun
Poésie,https://www.goodreads.com/book/show/34688452-i-am-more-than-a-daydream
Poésie,https://www.goodreads.com/book/show/30038016-bright-minds-empty-souls
Poésie,https://www.goodreads.com/book/show/36374392-the-day-is-ready-for-you
Poésie,https://www.goodreads.com/book/show/2078076.The_Collected_Poems
Poésie,https://www.goodreads.com/book/show/29059581-stuff-i-ve-been-feeling-lately
Poésie,https://www.goodreads.com/book/show/22151696-lullabies-volume-2
Poésie,https://www.goodreads.com/book/show/59251239-odder
Poésie,https://www.goodreads.com/book/show/8537327-inside-out-back-again
Poésie,https://www.goodreads.com/book/show/203220.Les_Fleurs_du_Mal
Poésie,https://www.goodreads.com/book/show/33375618-don-t-call-us-dead
Poésie,https://www.goodreads.com/book/show/62759364-peep
Poésie,https://www.goodreads.com/book/show/206012728-the-sky-is-a-sky-in-the-sky
Poésie,https://www.goodreads.com/book/show/203610612-the-girl-who-became-a-rabbit
Poésie,https://www.goodreads.com/book/show/55711769-she-fits-inside-these-words-volume-4
Poésie,https://www.goodreads.com/book/show/780823.In_Mad_Love_and_War
Poésie,https://www.goodreads.com/book/show/61204.Neon_Vernacular
Poésie,https://www.goodreads.com/book/show/804491.Ooga_Booga
Poésie,https://www.goodreads.com/book/show/77265052-the-upside-down-world
Poésie,https://www.goodreads.com/book/show/13591815-the-collected-poems-of-lucille-clifton-1965-2010
Poésie,https://www.goodreads.com/book/show/59808546-rupture-tense
Poésie,https://www.goodreads.com/book/show/22929732-the-road-in-is-not-the-same-road-out
Poésie,https://www.goodreads.com/book/show/36479356-american-sonnets-for-my-past-and-future-assassin
Poésie,https://www.goodreads.com/book/show/30971624-village-prodigies
Poésie,https://www.goodreads.com/book/show/6798263-bluets
Poésie,https://www.goodreads.com/book/show/27418.Theogony_Works_and_Days
Poésie,https://www.goodreads.com/book/show/387864.Interior_with_Sudden_Joy
Poésie,https://www.goodreads.com/book/show/186393.The_Complete_Poetry
Poésie,https://www.goodreads.com/book/show/30118.A_Light_in_the_Attic
Poésie,https://www.goodreads.com/book/show/30119.Where_the_Sidewalk_Ends
Poésie,https://www.goodreads.com/book/show/30119.Where_the_Sidewalk_Ends
Poésie,https://www.goodreads.com/book/show/191139.Oh_the_Places_You_ll_Go_
Poésie,https://www.goodreads.com/book/show/23772.Green_Eggs_and_Ham
Poésie,https://www.goodreads.com/book/show/30118.A_Light_in_the_Attic
Poésie,https://www.goodreads.com/book/show/370493.The_Giving_Tree
Poésie,https://www.goodreads.com/book/show/133678.Miss_Mary_Mack
Poésie,https://www.goodreads.com/book/show/30120.Falling_Up
Poésie,https://www.goodreads.com/book/show/293595.Chicka_Chicka_Boom_Boom
Poésie,https://www.goodreads.com/book/show/401679.Llama_Llama_Red_Pajama
Poésie,https://www.goodreads.com/book/show/7770.One_Fish_Two_Fish_Red_Fish_Blue_Fish
Poésie,https://www.goodreads.com/book/show/105551.Fox_in_Socks
Poésie,https://www.goodreads.com/book/show/401900.The_Llama_Who_Had_No_Pajama
Poésie,https://www.goodreads.com/book/show/1299318.It_s_Raining_Pigs_and_Noodles
Poésie,https://www.goodreads.com/book/show/17428662-rutherford-b-who-was-he
Poésie,https://www.goodreads.com/book/show/206962.Hop_On_Pop
Poésie,https://www.goodreads.com/book/show/645882.Every_Time_I_Climb_a_Tree
Poésie,https://www.goodreads.com/book/show/4237385-my-people-coretta-scott-king-award---illustrator-winner-title
Poésie,https://www.goodreads.com/book/show/233093.The_Cat_in_the_Hat
Poésie,https://www.goodreads.com/book/show/7493149-mirror-mirror
Poésie,https://www.goodreads.com/book/show/759611.Brown_Bear_Brown_Bear_What_Do_You_See_
Poésie,https://www.goodreads.com/book/show/820273.Sheep_in_a_Jeep
Poésie,https://www.goodreads.com/book/show/196970.The_Night_Before_Christmas
Poésie,https://www.goodreads.com/book/show/203173.My_Parents_Think_I_m_Sleeping
Poésie,https://www.goodreads.com/book/show/488240.The_New_Kid_on_the_Block
Poésie,https://www.goodreads.com/book/show/32929.Goodnight_Moon
Poésie,https://www.goodreads.com/book/show/8411631-won-ton
Poésie,https://www.goodreads.com/book/show/17243953-hi-koo
Poésie,https://www.goodreads.com/book/show/9371035-lemonade
Poésie,https://www.goodreads.com/book/show/3308832-soup-for-breakfast
Poésie,https://www.goodreads.com/book/show/558665.If_I_Were_in_Charge_of_the_World_and_Other_Worries
Poésie,https://www.goodreads.com/book/show/765148.Giraffes_Can_t_Dance
Poésie,https://www.goodreads.com/book/show/22208.Hush_A_Thai_Lullaby
Poésie,https://www.goodreads.com/book/show/22162514-poems-in-the-attic
Poésie,https://www.goodreads.com/book/show/9749030-a-full-moon-is-rising
Poésie,https://www.goodreads.com/book/show/9466024-pete-the-cat
Poésie,https://www.goodreads.com/book/show/109521.I_Like_Myself_
Poésie,https://www.goodreads.com/book/show/235846.A_Child_s_Calendar
Poésie,https://www.goodreads.com/book/show/17404795-it-s-weird-to-grow-a-beard
Poésie,https://www.goodreads.com/book/show/22749702-stick-and-stone
Poésie,https://www.goodreads.com/book/show/12225739-a-stick-is-an-excellent-thing
Poésie,https://www.goodreads.com/book/show/203154.A_Pizza_the_Size_of_the_Sun
Poésie,https://www.goodreads.com/book/show/1901077.Tap_Dancing_on_the_Roof
Poésie,https://www.goodreads.com/book/show/122094.Here_s_a_Little_Poem
Poésie,https://www.goodreads.com/book/show/593236.Runny_Babbit
Poésie,https://www.goodreads.com/book/show/12962487-i-too-am-america
Poésie,https://www.goodreads.com/book/show/14429255-once-i-laughed-my-socks-off---poems-for-kids
Poésie,https://www.goodreads.com/book/show/105548.The_Foot_Book
Poésie,https://www.goodreads.com/book/show/25332008-when-green-becomes-tomatoes
Poésie,https://www.goodreads.com/book/show/18623855-hungry-for-math
Poésie,https://www.goodreads.com/book/show/40696961-no-more-poems
Comédie,https://www.goodreads.com/book/show/12729786-so-you-think-you-can-hip-hop
Comédie,https://www.goodreads.com/book/show/42394599-the-magic-fish
Comédie,https://www.goodreads.com/book/show/44774415-mooncakes
Comédie,https://www.goodreads.com/book/show/15759065-the-legend-of-bold-riley
Comédie,https://www.goodreads.com/book/show/23622918-wayward-vol-1
Comédie,https://www.goodreads.com/book/show/25553727-wayward-vol-2
Comédie,https://www.goodreads.com/book/show/41838914-marvel-adventures-spider-man-2005-2010-56
Comédie,https://www.goodreads.com/book/show/9548200-spider-man
Comédie,https://www.goodreads.com/book/show/59980.Batman
Comédie,https://www.goodreads.com/book/show/60418159-ultimate-comics-spider-man-vol-1
Comédie,https://www.goodreads.com/book/show/25451555-saga-volume-5
Comédie,https://www.goodreads.com/book/show/27278979-the-wicked-the-divine-17
Comédie,https://www.goodreads.com/book/show/29638983-the-wicked-the-divine-20
Comédie,https://www.goodreads.com/book/show/29278538-the-wicked-the-divine-19
Comédie,https://www.goodreads.com/book/show/29071362-the-wicked-the-divine-18
Comédie,https://www.goodreads.com/book/show/25492290-the-wicked-the-divine-12
Comédie,https://www.goodreads.com/book/show/24623481-the-wicked-the-divine-10
Comédie,https://www.goodreads.com/book/show/25565419-the-wicked-the-divine-13
Comédie,https://www.goodreads.com/book/show/25263299-the-wicked-the-divine-11
Comédie,https://www.goodreads.com/book/show/24387010-the-wicked-the-divine-9
Comédie,https://www.goodreads.com/book/show/23606740-the-wicked-the-divine-8
Comédie,https://www.goodreads.com/book/show/23440949-the-wicked-the-divine-7
Comédie,https://www.goodreads.com/book/show/22753505-the-wicked-the-divine-5
Comédie,https://www.goodreads.com/book/show/23440946-the-wicked-the-divine-6
Comédie,https://www.goodreads.com/book/show/22753504-the-wicked-the-divine-4
Comédie,https://www.goodreads.com/book/show/22733327-the-wicked-the-divine-2
Comédie,https://www.goodreads.com/book/show/22733332-the-wicked-the-divine-3
Comédie,https://www.goodreads.com/book/show/28249821-klaus-2
Comédie,https://www.goodreads.com/book/show/29980957-klaus-1
Comédie,https://www.goodreads.com/book/show/28356086-phonogram
Comédie,https://www.goodreads.com/book/show/27218948-phonogram
Comédie,https://www.goodreads.com/book/show/26995964-phonogram
Comédie,https://www.goodreads.com/book/show/26995791-phonogram
Comédie,https://www.goodreads.com/book/show/17671914-the-joker
Comédie,https://www.goodreads.com/book/show/17296220-fly
Comédie,https://www.goodreads.com/book/show/16231101-clone-volume-1
Comédie,https://www.goodreads.com/book/show/11956226-fly-volume-1
Comédie,https://www.goodreads.com/book/show/30395051-the-wicked-the-divine-21
Comédie,https://www.goodreads.com/book/show/26134060-the-wicked-the-divine-16
Comédie,https://www.goodreads.com/book/show/25970230-the-wicked-the-divine-15
Comédie,https://www.goodreads.com/book/show/25970223-the-wicked-the-divine-14
Comédie,https://www.goodreads.com/book/show/25853351-the-wicked-the-divine-vol-3
Comédie,https://www.goodreads.com/book/show/23093359-the-wicked-the-divine-vol-1
Comédie,https://www.goodreads.com/book/show/28000095-over-the-garden-wall-4
Comédie,https://www.goodreads.com/book/show/27813603-over-the-garden-wall-3
Comédie,https://www.goodreads.com/book/show/26820360-over-the-garden-wall-2
Comédie,https://www.goodreads.com/book/show/26172830-over-the-garden-wall-1
Comédie,https://www.goodreads.com/book/show/25986935-hexed
Comédie,https://www.goodreads.com/book/show/25366510-marceline-gone-adrift-4
Comédie,https://www.goodreads.com/book/show/25147715-marceline-gone-adrift-3
Comédie,https://www.goodreads.com/book/show/330748.InuYasha_Vol_6
Comédie,https://www.goodreads.com/book/show/44473977-batman-by-scott-snyder-greg-capullo-omnibus-vol-1
Comédie,https://www.goodreads.com/book/show/40003447-batman---shaman
Comédie,https://www.goodreads.com/book/show/58801669-batman
Comédie,https://www.goodreads.com/book/show/37489721-batman-by-grant-morrison-omnibus-vol-1
Comédie,https://www.goodreads.com/book/show/60808369-loki-lord-of-chaos
Comédie,https://www.goodreads.com/book/show/58155191-punderworld-volume-1
Comédie,https://www.goodreads.com/book/show/36398208-babyteeth-vol-1
Comédie,https://www.goodreads.com/book/show/34466854-ladycastle
Comédie,https://www.goodreads.com/book/show/31576708-insexts-vol-1
Comédie,https://www.goodreads.com/book/show/14475472-delphine
Comédie,https://www.goodreads.com/book/show/59710.The_Ballad_of_Halo_Jones
Comédie,https://www.goodreads.com/book/show/1641887.GloomCookie
Comédie,https://www.goodreads.com/book/show/698474.Jingle_Belle_Volume_1
Comédie,https://www.goodreads.com/book/show/503309.The_Exterminators_Vol_1
Comédie,https://www.goodreads.com/book/show/25486101-harrow-county-vol-1
Comédie,https://www.goodreads.com/book/show/23995491-lady-killer-volume-1
Comédie,https://www.goodreads.com/book/show/13555390-rachel-rising-volume-1
Comédie,https://www.goodreads.com/book/show/7720278-crossed-vol-1
Comédie,https://www.goodreads.com/book/show/974942.Tank_Girl
Comédie,https://www.goodreads.com/book/show/12510887-baby-s-in-black
Comédie,https://www.goodreads.com/book/show/857125.The_Diary_of_a_Teenage_Girl
Comédie,https://www.goodreads.com/book/show/832800.Emily_The_Strange_3
Comédie,https://www.goodreads.com/book/show/832799.Emily_The_Strange
Comédie,https://www.goodreads.com/book/show/671428.Emily_The_Strange
Comédie,https://www.goodreads.com/book/show/31425905-112-osumaa
Comédie,https://www.goodreads.com/book/show/37644192-yuri-on-ice---eros
Comédie,https://www.goodreads.com/book/show/28268661-levius-est-1
Comédie,https://www.goodreads.com/book/show/34356953-mobile-suit-gundam-wing-1
Comédie,https://www.goodreads.com/book/show/59755023-batman-catwoman-9
Comédie,https://www.goodreads.com/book/show/27266927-the-witcher
Comédie,https://www.goodreads.com/book/show/48639085-harleen-2019-2
Comédie,https://www.goodreads.com/book/show/49405512-harleen-2019-1
Comédie,https://www.goodreads.com/book/show/45029347-batman
Comédie,https://www.goodreads.com/book/show/44230732-the-joker
Comédie,https://www.goodreads.com/book/show/41030887-batman
Comédie,https://www.goodreads.com/book/show/25734020-batman
Comédie,https://www.goodreads.com/book/show/30142576-batman
Comédie,https://www.goodreads.com/book/show/18373355-the-joker
Comédie,https://www.goodreads.com/book/show/10865073-the-joker
Comédie,https://www.goodreads.com/book/show/1347657.Batman_Vampire
Comédie,https://www.goodreads.com/book/show/107029.The_Batman_Chronicles_Vol_1
Comédie,https://www.goodreads.com/book/show/48933291-dead-eyes-volume-1
Comédie,https://www.goodreads.com/book/show/34506912-the-prince-and-the-dressmaker
Comédie,https://www.goodreads.com/book/show/744615.Scott_Pilgrim_Volume_4
Comédie,https://www.goodreads.com/book/show/44781952-the-mortal-instruments
Comédie,https://www.goodreads.com/book/show/31379293-champion
Comédie,https://www.goodreads.com/book/show/22571758-legend
Comédie,https://www.goodreads.com/book/show/30251383-joyride-vol-1
Comédie,https://www.goodreads.com/book/show/38812870-skyward-vol-1
Comédie,https://www.goodreads.com/book/show/219203505-dc-horror-presents
Comédie,https://www.goodreads.com/book/show/2532885.Mujeres_Alteradas_4
Comédie,https://www.goodreads.com/book/show/2498980.Mujeres_Alteradas_5
Comédie,https://www.goodreads.com/book/show/2498974.Mujeres_alteradas_3
Comédie,https://www.goodreads.com/book/show/2498970.Mujeres_Alteradas_2
Comédie,https://www.goodreads.com/book/show/2498964.Mujeres_alteradas_1
Comédie,https://www.goodreads.com/book/show/42837514-gender-queer
Comédie,https://www.goodreads.com/book/show/52637764-monstress-volume-5
Comédie,https://www.goodreads.com/book/show/45899240-monstress-volume-4
Comédie,https://www.goodreads.com/book/show/37491890-monstress-volume-3
Comédie,https://www.goodreads.com/book/show/33540347-monstress-volume-2
Comédie,https://www.goodreads.com/book/show/55883882-monstress-volume-1
Comédie,https://www.goodreads.com/book/show/42369064-the-tea-dragon-festival
Comédie,https://www.goodreads.com/book/show/16057353-hilda-and-the-bird-parade
Comédie,https://www.goodreads.com/book/show/443101.Moomin
Comédie,https://www.goodreads.com/book/show/79548.Moomin
Comédie,https://www.goodreads.com/book/show/29237224-saga-volume-10
Comédie,https://www.goodreads.com/book/show/49426262-die-vol-2
Comédie,https://www.goodreads.com/book/show/36411807-what-is-left
Comédie,https://www.goodreads.com/book/show/29225550-grimoire-noir
Comédie,https://www.goodreads.com/book/show/49770805-mirka-andolfo-s-mercy
Comédie,https://www.goodreads.com/book/show/42667807-die-vol-1
Comédie,https://www.goodreads.com/book/show/16231346-the-promise
Comédie,https://www.goodreads.com/book/show/2371823.Young_Avengers
Comédie,https://www.goodreads.com/book/show/45480101-kings-of-nowhere-volume-1
Comédie,https://www.goodreads.com/book/show/18631568-the-search
Comédie,https://www.goodreads.com/book/show/1169556.The_Broken_Ear
Comédie,https://www.goodreads.com/book/show/790192.Tintin_in_America
Comédie,https://www.goodreads.com/book/show/146108.King_Ottokar_s_Sceptre
Comédie,https://www.goodreads.com/book/show/179172.Destination_Moon
Comédie,https://www.goodreads.com/book/show/6443100-the-calculus-affair
Comédie,https://www.goodreads.com/book/show/89321.Le_Lotus_bleu
Comédie,https://www.goodreads.com/book/show/87424.Tintin_in_the_Land_of_the_Soviets
Comédie,https://www.goodreads.com/book/show/146127.Tintin_and_Alph_Art
Comédie,https://www.goodreads.com/book/show/165526.The_Red_Sea_Sharks
Comédie,https://www.goodreads.com/book/show/179174.The_Secret_of_the_Unicorn
Comédie,https://www.goodreads.com/book/show/23754.The_Sandman_Vol_1
Comédie,https://www.goodreads.com/book/show/167010.Fables_Vol_2
Comédie,https://www.goodreads.com/book/show/21326.Fables_Vol_1
Comédie,https://www.goodreads.com/book/show/87425.Tintin_in_Tibet
Comédie,https://www.goodreads.com/book/show/146109.Red_Rackham_s_Treasure
Comédie,https://www.goodreads.com/book/show/192043.Flight_714_to_Sydney
Comédie,https://www.goodreads.com/book/show/146104.The_Seven_Crystal_Balls
Comédie,https://www.goodreads.com/book/show/96428.Prisoners_of_the_Sun
Comédie,https://www.goodreads.com/book/show/165555.The_Crab_with_the_Golden_Claws
Comédie,https://www.goodreads.com/book/show/146107.The_Shooting_Star
Comédie,https://www.goodreads.com/book/show/146128.Land_of_Black_Gold
Comédie,https://www.goodreads.com/book/show/146106.The_Castafiore_Emerald
Comédie,https://www.goodreads.com/book/show/165556.Explorers_on_the_Moon
Comédie,https://www.goodreads.com/book/show/146122.Cigars_of_the_Pharaoh
Comédie,https://www.goodreads.com/book/show/60808369-loki-lord-of-chaos
Comédie,https://www.goodreads.com/book/show/58155191-punderworld-volume-1
Comédie,https://www.goodreads.com/book/show/59710.The_Ballad_of_Halo_Jones
Comédie,https://www.goodreads.com/book/show/1641887.GloomCookie
Comédie,https://www.goodreads.com/book/show/974942.Tank_Girl
